<?xml version="1.0" encoding="UTF-8" standalone="yes"?>

<addon id="plugin.video.FREETV"
       name="[B]FREE TV[/B]"
       version="1.0"
       provider-name="MAXWELL">
  
  <requires>
    <import addon="xbmc.python" version="2.1.0"/>
    <import addon="script.module.beautifulsoup" version="3.2.1"/>
    <import addon="script.module.simple.downloader" version="0.9.4"/>
    <import addon="script.module.beautifulsoup4"/>
    <import addon="script.module.requests"/>
    <import addon="script.module.httplib2"/>
    <import addon="script.module.liveresolver" version="0.1.24" optional="true"/>
    <import addon="script.module.youtube.dl" optional="true"/>
    <import addon="plugin.video.youtube" optional="true"/>
	<import addon="plugin.video.SportsDevil" optional="true"/>
    <import addon="script.module.urlresolver" optional="true"/>
    <import addon="script.module.simplejson"/>    
    <import addon="script.module.livestreamer" optional="true"/>
    <import addon="script.module.pyamf" optional="true"/>
  </requires>
  
  <extension point="xbmc.python.pluginsource" library="default.py">
    <provides>video</provides>
  </extension>
  
  <extension point="xbmc.addon.metadata">
    <summary>[COLOR greenyellow]FREE TV[/COLOR] reune conteúdos que são facilmente encontrados na internet.</summary>
    <description>Não sou responsável pelos conteúdos aqui encontrados.</description>
    <platform>all</platform>
  </extension>
</addon>